backend,workload,path,operations_per_second,p50_microseconds,p95_microseconds,relative_to_direct_async
DuckDB,indexed-read,direct-sync,7679.3,123.3,168.7,1.4531
DuckDB,indexed-read,direct-async,5284.6,163.7,322.2,1.0000
DuckDB,indexed-read,datavault,5197.7,170.1,311.4,0.9836
DuckDB,single-update,direct-sync,343.8,2970.8,3178.7,1.0159
DuckDB,single-update,direct-async,338.4,2993.9,3181.8,1.0000
DuckDB,single-update,datavault,339.9,2983.4,3186.3,1.0042
DuckDB,transaction-100,direct-sync,53.5,18131.1,25027.9,0.9790
DuckDB,transaction-100,direct-async,54.6,17929.6,23052.9,1.0000
DuckDB,transaction-100,datavault,53.5,18042.9,23050.6,0.9785
SQLite,indexed-read,direct-sync,225037.4,3.7,7.8,7.5985
SQLite,indexed-read,direct-async,29616.0,23.0,130.4,1.0000
SQLite,indexed-read,datavault,28127.6,24.9,150.5,0.9497
SQLite,single-update,direct-sync,460.6,2050.4,3025.2,1.0335
SQLite,single-update,direct-async,445.7,2060.2,3061.6,1.0000
SQLite,single-update,datavault,444.2,2061.5,3052.0,0.9967
SQLite,transaction-100,direct-sync,423.9,2107.6,3079.2,1.0311
SQLite,transaction-100,direct-async,411.1,2112.6,3086.2,1.0000
SQLite,transaction-100,datavault,424.2,2095.3,3111.8,1.0319
H2,indexed-read,direct-sync,477433.4,1.9,4.1,10.7461
H2,indexed-read,direct-async,44428.4,19.5,52.0,1.0000
H2,indexed-read,datavault,43797.0,18.6,52.1,0.9858
H2,single-update,direct-sync,186151.3,4.6,7.9,5.6034
H2,single-update,direct-async,33221.0,26.0,58.7,1.0000
H2,single-update,datavault,34123.5,25.4,57.4,1.0272
H2,transaction-100,direct-sync,4838.2,175.2,397.4,1.1977
H2,transaction-100,direct-async,4039.6,261.9,452.0,1.0000
H2,transaction-100,datavault,4048.0,242.4,469.3,1.0021
POSTGRESQL,indexed-read,direct-sync,639.9,1548.4,2148.0,1.0306
POSTGRESQL,indexed-read,direct-async,620.9,1593.5,2149.3,1.0000
POSTGRESQL,indexed-read,datavault,610.6,1629.4,2206.5,0.9834
POSTGRESQL,single-update,direct-sync,182.8,5574.7,6476.0,1.0179
POSTGRESQL,single-update,direct-async,179.6,5514.3,6666.2,1.0000
POSTGRESQL,single-update,datavault,181.8,5547.5,6548.0,1.0125
POSTGRESQL,transaction-100,direct-sync,128.5,7886.3,8771.9,0.9930
POSTGRESQL,transaction-100,direct-async,129.4,7905.5,8931.0,1.0000
POSTGRESQL,transaction-100,datavault,126.5,7978.4,9159.7,0.9773
MYSQL,indexed-read,direct-sync,647.5,1555.2,2207.6,1.0636
MYSQL,indexed-read,direct-async,608.8,1608.0,2236.1,1.0000
MYSQL,indexed-read,datavault,595.3,1682.9,2267.9,0.9779
MYSQL,single-update,direct-sync,68.6,14315.4,18083.1,0.9899
MYSQL,single-update,direct-async,69.3,14110.8,17661.4,1.0000
MYSQL,single-update,datavault,68.5,14444.5,17855.8,0.9883
MYSQL,transaction-100,direct-sync,5.9,175269.2,188274.7,1.0582
MYSQL,transaction-100,direct-async,5.6,177397.7,189942.8,1.0000
MYSQL,transaction-100,datavault,6.0,171673.5,189170.8,1.0603
MARIADB,indexed-read,direct-sync,705.6,1375.2,2033.7,1.0659
MARIADB,indexed-read,direct-async,662.0,1501.9,2176.2,1.0000
MARIADB,indexed-read,datavault,693.7,1445.8,2131.1,1.0479
MARIADB,single-update,direct-sync,184.7,5142.4,8413.8,1.0003
MARIADB,single-update,direct-async,184.7,5159.5,8746.0,1.0000
MARIADB,single-update,datavault,184.9,5160.1,8438.5,1.0013
MARIADB,transaction-100,direct-sync,68.1,14456.0,16332.5,1.0076
MARIADB,transaction-100,direct-async,67.6,14575.9,16410.9,1.0000
MARIADB,transaction-100,datavault,67.6,14806.0,16420.3,0.9994
MongoDB,indexed-read,direct-sync,640.2,1539.3,2111.0,1.0682
MongoDB,indexed-read,direct-async,599.3,1645.2,2269.7,1.0000
MongoDB,indexed-read,datavault,601.1,1621.4,2229.5,1.0030
MongoDB,single-update,direct-sync,653.8,1509.3,2105.5,1.0491
MongoDB,single-update,direct-async,623.2,1563.9,2142.5,1.0000
MongoDB,single-update,datavault,634.1,1523.6,2131.1,1.0174
MongoDB,insert-many-20,direct-sync,593.1,1577.3,2218.4,1.0004
MongoDB,insert-many-20,direct-async,592.9,1655.1,2203.5,1.0000
MongoDB,insert-many-20,datavault,609.1,1614.4,2249.8,1.0274
Redis,get,direct-async,585.3,1677.0,2298.0,1.0000
Redis,get,datavault,587.4,1699.4,2319.3,1.0036
Redis,set,direct-async,594.1,1661.9,2260.0,1.0000
Redis,set,datavault,593.6,1688.7,2300.5,0.9991
Redis,mset-100,direct-async,548.7,1812.4,2364.7,1.0000
Redis,mset-100,datavault,558.7,1770.5,2351.8,1.0183
ClickHouse,indexed-read,direct-sync,408.5,2425.1,3394.6,0.9714
ClickHouse,indexed-read,direct-async,420.6,2381.6,3293.2,1.0000
ClickHouse,indexed-read,datavault,416.8,2310.4,3223.5,0.9910
ClickHouse,append-100,direct-sync,490.1,2054.4,2930.2,1.0190
ClickHouse,append-100,direct-async,481.0,2081.9,2727.9,1.0000
ClickHouse,append-100,datavault,488.7,2068.7,2855.2,1.0161
